{
    "iou_lane": {
        "average": 0.5898593887686729,
        "background": 0.976598858833313,
        "lane_marking": 0.2031199187040329
    },
    "iou_drivable": {
        "average": 0.8171873490015665,
        "background": 0.9696784019470215,
        "drivable_area": 0.8233442902565002,
        "alternative_area": 0.658539354801178
    },
    "test_duration_seconds": 140.1506929397583
}