{
    "mAP": {
        "overall": 0.3193078637123108,
        "per_class": {
            "car": 0.45000892877578735,
            "traffic sign": 0.34354132413864136,
            "traffic light": 0.22288133203983307,
            "person": 0.31297552585601807,
            "truck": 0.44329604506492615,
            "bus": 0.411579430103302,
            "bike": 0.23199979960918427,
            "rider": 0.23589320480823517,
            "motor": 0.2215951830148697
        }
    },
    "mAP_50": {
        "overall": 0.5734125375747681,
        "per_class": {
            "car": 0.7236168384552002,
            "traffic sign": 0.6397035717964172,
            "traffic light": 0.587135910987854,
            "person": 0.6308392882347107,
            "truck": 0.6133180260658264,
            "bus": 0.5403773188591003,
            "bike": 0.48895084857940674,
            "rider": 0.46727070212364197,
            "motor": 0.4695003628730774
        }
    },
    "mAP_75": {
        "overall": 0.30282095074653625,
        "per_class": {
            "car": 0.4607207477092743,
            "traffic sign": 0.32544606924057007,
            "traffic light": 0.12313307076692581,
            "person": 0.2723574936389923,
            "truck": 0.49496087431907654,
            "bus": 0.46283474564552307,
            "bike": 0.1949109137058258,
            "rider": 0.21632613241672516,
            "motor": 0.17469845712184906
        }
    },
    "test_duration_seconds": 839.9539108276367
}