{
    "mAP": {
        "overall": 0.48652008175849915,
        "per_class": {
            "car": 0.5174146294593811,
            "traffic sign": 0.2781667709350586,
            "traffic light": 0.12601087987422943,
            "person": 0.5673267245292664,
            "truck": 0.45340651273727417,
            "bus": 0.9504950642585754,
            "bike": -1.0,
            "rider": 0.6514851450920105,
            "motor": 0.3478547930717468
        }
    },
    "mAP_50": {
        "overall": 0.7492290139198303,
        "per_class": {
            "car": 0.7679085731506348,
            "traffic sign": 0.5194951891899109,
            "traffic light": 0.3117825984954834,
            "person": 1.0,
            "truck": 0.6421705484390259,
            "bus": 1.0,
            "bike": -1.0,
            "rider": 1.0,
            "motor": 0.7524752616882324
        }
    },
    "mAP_75": {
        "overall": 0.40180107951164246,
        "per_class": {
            "car": 0.549235463142395,
            "traffic sign": 0.17872701585292816,
            "traffic light": 0.039603959769010544,
            "person": 0.1683168262243271,
            "truck": 0.5161492228507996,
            "bus": 1.0,
            "bike": -1.0,
            "rider": 0.5049505233764648,
            "motor": 0.2574257552623749
        }
    },
    "test_duration_seconds": 1.1231672763824463
}