{
    "mAP": {
        "overall": 0.3064890205860138,
        "per_class": {
            "car": 0.4694116413593292,
            "traffic sign": 0.3387773931026459,
            "traffic light": 0.2210075706243515,
            "person": 0.3421928584575653,
            "truck": 0.4201783537864685,
            "bus": 0.40675219893455505,
            "bike": 0.2188810408115387,
            "rider": 0.2635694146156311,
            "motor": 0.07763053476810455
        }
    },
    "mAP_50": {
        "overall": 0.5390346050262451,
        "per_class": {
            "car": 0.740973711013794,
            "traffic sign": 0.6419858336448669,
            "traffic light": 0.5951310396194458,
            "person": 0.6647689938545227,
            "truck": 0.5995615720748901,
            "bus": 0.5335761308670044,
            "bike": 0.48193687200546265,
            "rider": 0.41688603162765503,
            "motor": 0.17649149894714355
        }
    },
    "mAP_75": {
        "overall": 0.29176992177963257,
        "per_class": {
            "car": 0.4891843795776367,
            "traffic sign": 0.31313928961753845,
            "traffic light": 0.11076060682535172,
            "person": 0.3085362911224365,
            "truck": 0.468204528093338,
            "bus": 0.45305511355400085,
            "bike": 0.16461417078971863,
            "rider": 0.2964327335357666,
            "motor": 0.022002199664711952
        }
    },
    "test_duration_seconds": 63.54477500915527
}