{
    "mAP": {
        "overall": 0.28600433468818665,
        "per_class": {
            "car": 0.40129151940345764,
            "traffic sign": 0.3431398868560791,
            "traffic light": 0.17853137850761414,
            "person": 0.28157782554626465,
            "truck": 0.4409838616847992,
            "bus": 0.3660375773906708,
            "bike": 0.21713733673095703,
            "rider": 0.21718139946460724,
            "motor": 0.1281583160161972
        }
    },
    "mAP_50": {
        "overall": 0.5331733226776123,
        "per_class": {
            "car": 0.6921096444129944,
            "traffic sign": 0.6487667560577393,
            "traffic light": 0.5452327132225037,
            "person": 0.5814586281776428,
            "truck": 0.6056898832321167,
            "bus": 0.47654426097869873,
            "bike": 0.48601067066192627,
            "rider": 0.47177743911743164,
            "motor": 0.29096969962120056
        }
    },
    "mAP_75": {
        "overall": 0.2588284909725189,
        "per_class": {
            "car": 0.3960651755332947,
            "traffic sign": 0.3182513117790222,
            "traffic light": 0.06509320437908173,
            "person": 0.23627282679080963,
            "truck": 0.49260321259498596,
            "bus": 0.42059892416000366,
            "bike": 0.15513984858989716,
            "rider": 0.16275757551193237,
            "motor": 0.08267439901828766
        }
    },
    "test_duration_seconds": 296.93988060951233
}