{
    "mAP": {
        "overall": 0.3492478132247925,
        "per_class": {
            "car": 0.4284828305244446,
            "traffic sign": 0.36374685168266296,
            "traffic light": 0.20202775299549103,
            "person": 0.17924949526786804,
            "truck": 0.6172481775283813,
            "bus": 0.499009907245636,
            "bike": 0.0,
            "rider": 0.35346534848213196,
            "motor": 0.5
        }
    },
    "mAP_50": {
        "overall": 0.5954417586326599,
        "per_class": {
            "car": 0.7178438305854797,
            "traffic sign": 0.7068983316421509,
            "traffic light": 0.5457202196121216,
            "person": 0.4071366488933563,
            "truck": 0.8130598664283752,
            "bus": 0.6633663177490234,
            "bike": 0.0,
            "rider": 0.5049505233764648,
            "motor": 1.0
        }
    },
    "mAP_75": {
        "overall": 0.3125874400138855,
        "per_class": {
            "car": 0.4307723045349121,
            "traffic sign": 0.3198097348213196,
            "traffic light": 0.10698443651199341,
            "person": 0.12293729186058044,
            "truck": 0.6644664406776428,
            "bus": 0.6633663177490234,
            "bike": 0.0,
            "rider": 0.5049505233764648,
            "motor": 0.0
        }
    },
    "test_duration_seconds": 3.1996123790740967
}