{
    "mAP": {
        "overall": 0.3445093035697937,
        "per_class": {
            "car": 0.5003156661987305,
            "traffic sign": 0.3426460921764374,
            "traffic light": 0.2491697520017624,
            "person": 0.3304692804813385,
            "truck": 0.46323034167289734,
            "bus": 0.397524893283844,
            "bike": 0.290390282869339,
            "rider": 0.2765613794326782,
            "motor": 0.2502761483192444
        }
    },
    "mAP_50": {
        "overall": 0.6066180467605591,
        "per_class": {
            "car": 0.7532867789268494,
            "traffic sign": 0.6420904994010925,
            "traffic light": 0.6171037554740906,
            "person": 0.6743646860122681,
            "truck": 0.6313861608505249,
            "bus": 0.5392646789550781,
            "bike": 0.5685082077980042,
            "rider": 0.5276898145675659,
            "motor": 0.5058678984642029
        }
    },
    "mAP_75": {
        "overall": 0.33002638816833496,
        "per_class": {
            "car": 0.5254440307617188,
            "traffic sign": 0.32185110449790955,
            "traffic light": 0.1537199467420578,
            "person": 0.2849278450012207,
            "truck": 0.5126399993896484,
            "bus": 0.42439329624176025,
            "bike": 0.26821306347846985,
            "rider": 0.28586265444755554,
            "motor": 0.1931854486465454
        }
    },
    "test_duration_seconds": 100.995285987854
}