{
    "mAP": {
        "overall": 0.31016871333122253,
        "per_class": {
            "car": 0.4499766230583191,
            "traffic sign": 0.3336713910102844,
            "traffic light": 0.21629668772220612,
            "person": 0.28497737646102905,
            "truck": 0.44547921419143677,
            "bus": 0.3856097161769867,
            "bike": 0.24080529808998108,
            "rider": 0.2730737030506134,
            "motor": 0.16162854433059692
        }
    },
    "mAP_50": {
        "overall": 0.575395941734314,
        "per_class": {
            "car": 0.7225698828697205,
            "traffic sign": 0.636499285697937,
            "traffic light": 0.5867525935173035,
            "person": 0.6122535467147827,
            "truck": 0.6166646480560303,
            "bus": 0.5222299098968506,
            "bike": 0.528302013874054,
            "rider": 0.5840668082237244,
            "motor": 0.3692249655723572
        }
    },
    "mAP_75": {
        "overall": 0.28870365023612976,
        "per_class": {
            "car": 0.46649518609046936,
            "traffic sign": 0.3036923408508301,
            "traffic light": 0.11722707003355026,
            "person": 0.23707489669322968,
            "truck": 0.4905153214931488,
            "bus": 0.41179150342941284,
            "bike": 0.2094043344259262,
            "rider": 0.22582870721817017,
            "motor": 0.1363036334514618
        }
    },
    "test_duration_seconds": 50.23464870452881
}