{
    "drivable_mask_frequencies": [
        0.8358009509703621,
        0.11846467598276289,
        0.045734373046875
    ],
    "lane_mask_frequencies": [
        0.9935699463355655,
        0.006430053664434524
    ]
}